accepting,acceptng
according,acordng
actually,actuly
add,ad
adding,adng
adds,ads
after,aftr
airing,airng
all,al
allow,alow
allowing,alowng
allows,alows
already,alredy
although,altho
amounting,amountng
animal,anml
animals,anmls
another,anothr
answer,ansr
answered,ansrd
answering,ansrng
answers,ansrs
anything,anythng
appear,apear
appearing,apearng
appears,apears
approach,aproach
approaching,aproachng
are,ar
argue,argu
argues,argus
arming,armng
arrived,arived
article,articl
articles,articls
asked, askd
asking,askng
attack,atak
attacking,atakng
attacks,ataks
attention,atention
attentions,atentions
author,authr
authors,authrs
available,availbl
back,bak
backing,bakng
backs,baks
banking,bankng
become,becom
becomes,becoms
before,befor
behavior,behavir
behaviors,behavirs
believe,beleve
believed,beleved
believes,beleves
better,betr
betters,betrs
bigger,bigr
biggest,bigst
billion,bilion
billions,bilions
black,blak
blacking,blakng
blacks,blaks
blood,blod
board,bord
boarding,bordng
boards,bords
booking,bookng
bought,bot
boxes,boxs
boxing,boxng
boxing,boxng
branches,branchs
break,brek
breaking,brekng
breaks,breks
bringing,bringng
brother,brothr
brothers,brothrs
brought,brot
build,bild
building,bildng
buildings,bildngs
builds,bilds
built,bilt
business,busness
buy,by
buying,byng
buys,bys
call,cal
called,cald
calling,calng
calls,cals
campaign,campain
campaigning,campainng
campaigns,campains
can't,cant
cannot,canot
careering,careerng
carried,carrid
catch,cach
catching,cachng
caught,caut
center,centr
centers,centrs
central,centrl
centuries,centuris
certain,certn
certainly,certnly
changed,chanjed
character,caractr
characters,caractrs
cities,citis
clearing,clearng
climbed,climbd
colored,colord
coloring,colorng
come,com
comes,coms
common,comn
commons,comns
community,comunity
company,compny
concerning,concernng
conditioning,conditionng
consider,considr
considered,considrd
considering,considrng
considers,considrs
continue,continu
continues,continus
costing,costng
could,cud
countries,cuntris
country,cuntry
couple,cupl
couples,cupls
course,corse
courses,corses
court,cort
courting,cortng
courts,corts
cover,covr
covered,covrd
covering,covrng
covers,covrs
cried,cryd
culture,cultur
cultures,culturs
current,curent
currents,curents
daughter,dautr
daughters,dautrs
dead,ded
dealing,dealng
death,deth
deaths,deths
determine,determn
determines,determns
developed,developd
developing,developng
development,developmnt
developments,developmnts
difference,difrnce
differences,difrnces
different,difrnt
difficult,dificlt
director,directr
directors,directrs
disease,disese
diseases,diseses
doctor,doctr
doctoring,doctrng
doctors,doctrs
does,dos
does,dos
dollars,dolrs
don't,dont
done,don
door,dor
doors,dors
downing,downng
drawing,drawng
dressed,dresd
dropped,dropd
earlier,erlir
early,erly
easier,esir
easy,esy
eating,eatng
economic,ecnomic
economics,ecnomics
economy,econmy
effect,efect
effecting,efectng
effects,efects
effort,efrt
efforts,efrts
eight,eit
eights,eits
either,eithr
ending,endng
enough,enuf
enter,entr
entering,entrng
enters,entrs
especially,especialy
europe,europ
evening,evenng
ever,evr
every,evry
everyone,evryone
everything,evrything
evidence,evidnce
evidences,evidnces
expecting,expectng
explained,explaind
explaining,explainng
factor,factr
factors,factrs
fall,fal
falling,falng
falls,fals
families,famlis
family,famly
farther,farthr
father,fathr
fathers,fathrs
federal,fedrl
feeling,feelng
fell,fel
fight,fyt
fighting,fytng
fights,fyts
figure,figr
figures,figrs
fill,fil
filled,fild
filling,filng
fills,fils
filming,filmng
finally,finaly
finding,findng
finished,finishd
floor,flor
flooring,florng
floors,flors
focusing,focusng
follow,folo
followed,folod
following,foloing
follows,folos
footing,footng
foreign,foren
formed,formd
former,formr
formers,formrs
forming,formng
free,fre
freeing,freing
frees,fres
friend,frend
friends,frends
full,ful
funding,fundng
further,furthr
future,futur
futures,futurs
gathered,gathrd
getting,getng
give,giv
gives,givs
giving,givng
goes,gos
gone,gon
government,govrnmnt
governments,govrnmnts
great,gret
greater,gretr
greats,grets
grounding,groundng
grouping,groupng
grow,gro
growing,groing
grows,gros
growth,groth
growths,groths
guy,gy
guys,gys
handing,handng
happen,hapn
happened,hapnd
happening,hapnng
happens,hapns
have,hav
haves,havs
having,havng
head,hed
heading,hedng
heads,heds
health,helth
heard,herd
hearing,hearng
heart,hart
hearts,harts
helped,helpd
helping,helpng
high,hy
higher,hyr
highs,hys
history,histry
holding,holdng
hospital,hospitl
hospitals,hospitls
hour,our
hours,ours
however,howevr
husband,husbnd
husbanding,husbndng
husbands,husbnds
identifying,identifyng
important,importnt
inches,inchs
increase,increse
increases,increses
individual,individul
individuals,individuls
information,infrmation
interest,intrest
interesting,intrestng
interests,intrests
international,intrnationl
internationals,intrnationls
involve,involv
involves,involvs
isn't,isnt
issue,isu
issues,isus
joined,joind
joining,joinng
jumped,jumpd
keeping,keepng
kill,kil
killed,kild
killing,kilng
kills,kils
knew,new
know,no
knowing,noing
knows,nos
landing,landng
larger,larjr
largest,larjst
lasting,lastng
laughed,lafd
lead,led
leader,leadr
leaders,leadrs
leading,leadng
leading,ledng
leads,leds
learn,lern
learned,lernd
learning,lernng
learns,lerns
leave,leve
leaves,leavs
leaves,leves
leaving,leving
letter,letr
lettering,letrng
letters,letrs
level,levl
leveling,levlng
levels,levls
lifted,liftd
light,lyt
lighting,lytng
lights,lyts
listen,lisn
listening,lisnng
listens,lisns
listing,listng
little,litl
live,liv
lives,livs
longer,longr
longing,longng
looked,lookd
looking,lookng
love,lov
loved,lovd
loves,lovs
low,lo
lowing,loing
lows,los
marked,markd
marketing,marketng
matter,matr
matters,matrs
meaning,meanng
meant,ment
medical,medicl
meeting,meetng
meetings,meetngs
member,membr
members,membrs
might,myt
military,militry
million,milion
millions,milions
minding,mindng
minute,minut
minutes,minuts
model,modl
modeling,modlng
models,modls
money,mony
more,mor
morning,mornng
mornings,mornngs
mother,mothr
mothering,mothrng
mothers,mothrs
movement,movemnt
movements,movemnts
movie,movi
movies,movis
national,nationl
nationals,nationls
natural,natrl
naturals,natrls
nature,natur
natures,naturs
nearest,nearst
nearing,nearng
needed,needd
needing,needng
never,nevr
night,nyt
nights,nyts
number,numbr
number,numr
numbering,numbrng
numbers,numbrs
occur,ocur
occurs,ocurs
offer,ofr
offering,ofrng
offers,ofrs
office,ofice
officer,oficer
officers,oficers
offices,ofices
official,oficial
officials,oficials
offing,ofng
often,ofn
oiling,oilng
older,oldr
opening,openng
opportunity,oprtunity
order,ordr
ordering,ordrng
orders,ordrs
organization,orgnization
organizations,orgnizations
other,othr
others,othrs
outing,outng
owning,ownng
paragraph,paragraf
parenting,parentng
particularly,particulrly
parting,partng
passed,pasd
passing,pasng
paying,payng
people,peple
peoples,peples
performance,performnce
performances,performnces
person,persn
personal,persnl
persons,persns
phone,fone
phones,fones
pick,pik
picked,pikd
picking,pikng
picks,piks
picture,pictur
pictures,picturs
piece,pece
pieces,peces
planting,plantng
played,playd
player,playr
players,playrs
playing,playng
pointed,pointd
pointing,pointng
political,politicl
politicals,politicls
positioning,positionng
possible,posbl
possibles,posbls
power,powr
powering,powrng
powers,powrs
president,presidnt
presidents,presidnts
pressure,pressur
pressures,pressurs
private,privat
privates,privats
probably,probbly
problem,problm
problems,problms
processing,procesng
projecting,projectng
protecting,protectng
pull,pul
pulled,puld
pulling,pulng
pulls,puls
pushed,pushd
pushing,pushng
putting,putng
questioning,questionng
quickly,quikly
raise,rase
raised,rased
raises,rases
reached,reachd
reaching,reachng
read,red
reading,readng
reading,redng
ready,redy
readying,redying
really,realy
reason,reasn
reasoning,reasnng
reasons,reasns
receive,receve
received,receved
receives,receves
recording,recordng
remaining,remainng
remember,remembr
remembered,remembrd
remembering,remembrng
remembers,remembrs
replied,replyd
reporting,reportng
representing,representng
research,reserch
researching,reserchng
resource,resorce
resources,resorces
resting,restng
resulting,resultng
returned,returnd
returning,returng
right,ryt
righting,rytng
rights,ryts
risking,riskng
rolled,rold
rooming,roomng
saying,sayng
scene,sene
scenes,senes
school,scool
schooling,scoolng
schools,scools
season,seasn
seasoning,seasnng
seasons,seasns
second,secnd
seconds,secnds
see,se
seeing,seing
seeking,seekng
seemed,seemd
seeming,seemng
sees,ses
sell,sel
selling,selng
sells,sels
sending,sendng
serious,serius
serve,serv
serves,servs
settled,setld
settlers,setlrs
seven,sevn
sevens,sevns
several,sevrl
shooting,shootng
should,shud
shouted,shoutd
show,sho
showed,showd
showing,shoing
shows,shos
sign,syn
significant,synificnt
signing,synng
signs,syns
similar,simlr
simple,simpl
single,singl
singles,singls
sitting,sitng
small,smal
smaller,smalr
smallest,smalst
some,som
someone,somone
something,somthing
somethings,somthings
sometimes,somtimes
sounding,soundng
source,sorce
sources,sorces
speaking,speakng
spending,spendng
sporting,sportng
staff,staf
staffing,stafng
staffs,stafs
standing,standng
started,startd
starting,startng
stayed,stayd
staying,stayng
still,stil
stills,stils
stock,stok
stocking,stokng
stocks,stoks
stopped,stopd
store,stor
stores,stors
stories,storis
struck,struk
studied,studid
subjecting,subjectng
suggested,sujestd
summer,sumr
summers,sumrs
supper,supr
supplied,suplyd
support,suport
supporting,suportng
supports,suports
system,systm
systems,systms
talked,talkd
talking,talkng
taught,taut
taxing,taxng
teacher,teachr
teachers,teachrs
teaching,teachng
tell,tel
telling,telng
tells,tels
testing,testng
thanking,thankng
the,th
their,ther
theirs,thers
themselves,themselvs
there,ther
thinking,thinkng
though,tho
thought,thot
thoughts,thots
thousand,thousnd
thousands,thousnds
three,thre
threes,thres
through,thru
throw,thro
throwing,throing
throws,thros
together,togethr
training,trainng
traveled,travld
treatment,treatmnt
treatments,treatmnts
tree,tre
trees,tres
tried,tryd
trying,tryng
turned,turnd
turning,turnng
type,typ
types,typs
under,undr
understand,undrstand
understanding,undrstandng
understands,undrstands
usually,usuly
value,valu
values,valus
view,vew
viewing,vewng
views,vews
vowel,vowl
waited,waitd
waiting,waitng
walking,walkng
wall,wal
walling,walng
walls,wals
wanted,wantd
wanting,wantng
wasn't,wasnt
watch,wach
watched,wachd
watching,wachng
water,watr
watering,watrng
waters,watrs
wear,wer
wearing,werng
wears,wers
well,wel
welling,welng
wells,wels
were,wer
what,wat
whatever,watevr
when,wen
where,wher
whether,wethr
which,wich
while,wile
white,wite
whites,wites
who,ho
whole,hole
wholes,holes
whose,hos
why,wy
whys,wys
will,wil
willing,wilng
wills,wils
window,windo
windows,windos
woman,womn
wonder,wondr
wondering,wondrng
wonders,wondrs
wording,wordng
wore,wor
worked,workd
worker,workr
workers,workrs
working,workng
would,wud
write,rite
writes,rites
wrong,rong
wrongs,rongs
wrote,rote
you,u
young,yung
your,yr
yours,yrs
yous,yus
true,tru

abandon,abandn
abandoning,abandnng
abandons,abandns
above,abov
abroad,abrod
absence,absnce
absences,absnces
absolute,abslute
absolutely,abslutely
absolutes,abslutes
absorbing,absorbng
abstracting,abstractng
accelerate,accelrate
accelerates,accelrates
acceptable,acceptbl
acceptance,acceptnce
accepting,acceptng
accessible,accesbl
accident,accidnt
accidents,accidnts
accommodate,acomodate
accommodates,acomodates
accompany,acompny
accompanying,acompnying
accomplish,acomplish
accomplishing,acomplishng
accomplishment,acomplishmnt
accomplishments,acomplishmnts
account,acount
accountability,acountbility
accounting,acountng
accounts,acounts
accuracy,acuracy
accurate,acurat
accurately,acuratly
accusation,acusation
accusations,acusations
accuse,acuse
accuses,acuses
achieve,acheve
achievement,achevemnt
achievements,achevemnts
achieves,acheves
acknowledge,aknolej
acknowledges,aknolejs
acquire,aquire
acquires,aquires
acquisition,aquisition
acquisitions,aquisitions
acting,actng
active,activ
actively,activly
actor,actr
actors,actrs
actual,actul
adapting,adaptng
added,add
addition,adition
additional,aditionl
additions,aditions
address,adress
addressing,adresng
adequate,adequat
adjust,ajust
adjusting,ajustng
adjustment,ajustmnt
adjustments,ajustmnts
adjusts,ajusts
administer,administr
administering,administrng
administrative,administrativ
adolescent,adlesnt
adolescents,adlesnts
adopting,adoptng
adult,adlt
adults,adlts
advantage,advantaj
advantages,advantajs
adventure,adventur
adventures,adventurs
advertising,advrtising
advocate,advocat
advocates,advocats
affair,afair
affairs,afairs
affect,afect
affecting,afectng
affects,afects
afford,aford
affording,afordng
affords,afords
african,africn
africans,africns
afternoon,aftrnoon
afternoons,aftrnoons
afterward,aftrwrd
afterwards,afrwrds
afterwards,aftrwrds
age,aje
ageing,ajing
agency,ajency
agenda,ajenda
agendas,ajendas
agent,ajent
agents,ajents
ages,ajes
aggression,agression
aggressions,agressions
aggressive,agressiv
agreement,agreemnt
agreements,agreemnts
agricultural,agricultrl
agriculture,agricultur
ahead,ahed
aide,aid
aides,aids
aiding,aidng
aiming,aimng
aisle,ile
aisles,iles
alarming,alarmng
album,albm
albums,albms
allegation,alegation
allegations,alegations
alleged,alejd
allegedly,alejedly
alley,ally
alleys,allis
alliance,alyance
alliances,alyances
ally,aly
allying,alyng
alter,altr
altering,altrng
alternative,alternativ
alternatives,alternativs
alters,altrs
altogether,altogethr
aluminum,aluminm
ambassador,ambassadr
ambassadors,ambassadrs
ambitious,ambitius
amendment,amendmnt
amendments,amendmnts
american,americn
americans,americns
analyst,anlyst
analysts,anlysts
analyze,anlyz
ancestor,ancestr
ancestors,ancestrs
angel,anjel
angels,anjels
anger,angr
angering,angrng
angers,angrs
angle,angl
angles,angls
ankle,ankl
ankles,ankls
anniversary,aniversry
announce,anounce
announcement,anouncemnt
announcements,anouncemnts
announces,anounces
annual,anul
annually,anuly
annuals,anuls
anonymous,anonmus
anxious,anxius
anymore,anymor
anywhere,anywher
apartment,apartmnt
apartments,apartmnts
apologize,apolojize
apologizes,apolojizes
apparent,aparent
apparently,aparently
appeal,apeal
appealing,apealng
appeals,apeals
appearance,apearnce
appearances,apearnces
apple,apl
apples,apls
application,aplication
applications,aplications
apply,aply
applying,aplyng
appoint,apoint
appointing,apointng
appointment,apointmnt
appointments,apointmnts
appoints,apoints
appreciate,apreciate
appreciates,apreciates
appreciation,apreciation
appropriate,apropriat
appropriate,apropriate
approval,aproval
approve,aprove
approves,aproves
approximately,aproxmatly
architecture,architectur
argument,argumnt
arguments,argumnts
armed,armd
arrange,aranje
arrangement,aranjemnt
arrangements,aranjemnts
arranges,aranjes
array,aray
arrays,arays
arrest,arest
arresting,arestng
arrests,arests
arrival,arival
arrivals,arivals
arrive,arive
arrives,arives
arrow,aro
arrows,aros
articulate,articulat
assault,asalt
assaulting,asaltng
assaults,asalts
assemble,asembl
assembly,asembly
assert,asert
asserting,asertng
asserts,aserts
assess,asess
assessing,asesng
assessment,asesmnt
assessments,asesmnts
assign,asyn
assigning,asynng
assignment,asynmnt
assignments,asynmnts
assist,asist
assistance,asistnce
assistant,asistnt
assistants,asistnts
assisting,asistng
assists,asists
associate,asociat
associate,asociate
associated,asociated
associates,asociates
associates,asociats
association,asociation
associations,asociations
assume,asume
assumes,asumes
assumption,asumtion
assumptions,asumtions
assure,asure
assures,asures
astronomer,astronmr
astronomers,astronmrs
atmosphere,atmosfere
atmospheres,atmosferes
attach,atach
attaching,atachng
attempt,atemt
attempting,atemtng
attempts,atemts
attend,atend
attendance,atendnce
attendances,atendnces
attending,atendng
attends,atends
attitude,atitude
attitudes,atitudes
attorney,atorny
attorneys,atornis
attract,atract
attracting,atractng
attraction,atraction
attractions,atractions
attractive,atractiv
attracts,atracts
attribute,atribute
attributes,atributes
aunt,ant
aunts,ants
authorize,authrize
automatic,autmatic
automatically,autmaticly
automobile,autmobil
automobiles,autmobils
autonomy,autonmy
availability,availbility
average,avraj
averages,avrajs
avoiding,avoidng
awaiting,awaitng
awarding,awardng
background,bakground
backgrounds,bakgrounds
backyard,bakyard
backyards,bakyards
ball,bal
balloon,baloon
ballooning,baloonng
balloons,baloons
ballot,balot
balloting,balotng
ballots,balots
balls,bals
banding,bandng
banker,bankr
bankers,bankrs
barrel,barel
barrels,barels
barrier,barir
barriers,barirs
baseball,basebal
basement,basemnt
basements,basemnts
basically,basicly
basketball,basketbal
bathing,bathng
battery,batry
battle,batl
battles,batls
baying,bayng
beaching,beachng
beaming,beamng
bear,ber
bearing,berng
bears,bers
beating,beatng
beautiful,butiful
beauty,buty
bee,be
bees,bes
beginning,beginng
beginnings,beginngs
behavioral,behaviral
bell,bel
bells,bels
belonging,belongng
below,belo
belting,beltng
bending,bendng
benefiting,benefitng
bicycle,bicycl
bicycles,bicycls
bill,bil
billing,bilng
bills,bils
binding,bindng
biography,biografy
biological,biolojicl
biology,biolojy
bitter,bitr
bitters,bitrs
blanketing,blanketng
blasting,blastng
blending,blendng
blessing,blesng
blessings,blesngs
blinding,blindng
blinking,blinkng
block,blok
blocking,blokng
blocks,bloks
bloody,blody
blow,blo
blowing,bloing
blows,blos
blue,blu
boasting,boastng
boating,boatng
boiling,boilng
bolting,boltng
bomb,bom
bombing,bomng
bombings,bomngs
bombs,boms
bonding,bondng
booming,boomng
boosting,boostng
border,bordr
bordering,bordrng
borders,bordrs
boring,borng
borrow,boro
borrowing,boroing
borrows,boros
bossing,bosng
bother,bothr
bothering,bothrng
bothers,bothrs
bottle,botl
bottles,botls
bottom,botm
bottoms,botms
boundary,boundry
bow,bo
bowing,boing
bowing,bowng
bowl,bol
bowling,bolng
bowls,bols
bows,bos
boyfriend,boyfrend
boyfriends,boyfrends
branching,branchng
bread,bred
breads,breds
breakfast,brekfast
breakfasting,brekfastng
breakfasts,brekfasts
breast,brest
breasts,brests
breath,breth
breathe,brethe
breathes,brethes
breathing,brething
breaths,breths
breeze,breze
breezes,brezes
brick,brik
bricks,briks
bridge,brij
bridges,brijs
briefing,briefng
bright,bryt
brilliant,briliant
broad,brod
broadcast,brodcast
broadcasting,brodcastng
broadcasts,brodcasts
broads,brods
bronze,bronz
bronzes,bronzs
browning,brownng
brushing,brushng
bubble,bubl
bubbles,bubls
buck,buk
bucket,buket
buckets,bukets
bucking,bukng
bucks,buks
budget,bujet
budgeting,bujetng
budgets,bujets
builder,bildr
builders,bildrs
bull,bul
bullet,bulet
bullets,bulets
bulls,buls
burden,burdn
burdens,burdns
bureau,burau
bureaus,buraus
burning,burnng
bursting,burstng
businessman,busnesman
busing,busng
butt,but
butter,butr
butterfly,butrfly
buttering,butrng
butting,butng
button,butn
buttoning,butnng
buttons,butns
butts,buts
buyer,byr
buyers,byrs
cabin,cabn
cabinet,cabnet
cabinets,cabnets
cabins,cabns
cage,caje
cages,cajes
calendar,calendr
calendars,calendrs
calming,calmng
camera,camra
cameras,camras
camping,campng
canceling,cancelng
candidate,candidat
candidates,candidats
candle,candl
candles,candls
canvass,canvas
capable,capabl
capital,capitl
capitals,capitls
captain,captn
captains,captns
capture,captur
captures,capturs
carbon,carbn
carbons,carbns
carefully,carefuly
carpeting,carpetng
carrier,carrir
carriers,carrirs
carrot,carot
carrots,carots
carting,cartng
carve,carv
carves,carvs
cashing,cashng
casting,castng
casual,casul
casualty,casulty
catalog,catlog
category,categry
catholic,cathlic
catholics,cathlics
cattle,catl
cease,cese
ceases,ceses
ceiling,celing
ceilings,celings
cell,cel
cells,cels
cemetery,cemetry
ceremony,ceremny
challenge,chalenj
challenges,chalenjs
championing,championng
change,chanje
changes,chanjes
changing,chanjing
channel,chanl
channeling,chanlng
channels,chanls
chaos,caos
chapter,chaptr
chapters,chaptrs
characteristic,caractristic
characteristics,caractristics
characterize,caractrize
characterizes,caractrizes
charge,charj
charges,charjs
charming,charmng
charter,chartr
charters,chartrs
cheating,cheatng
check,chek
checking,chekng
checks,cheks
cheering,cheerng
cheese,chese
cheeses,cheses
chemical,chemicl
chemicals,chemicls
chewing,chewng
chicken,chikn
chickens,chikns
chill,chil
chilling,chilng
chills,chils
chocolate,choclat
chocolates,choclats
cholesterol,colestrl
christian,cristian
christianity,cristianity
christians,cristians
christmas,crismas
chronic,cronic
cigarette,cigret
cigarettes,cigrets
circle,circl
circles,circls
circumstance,circmstnce
circumstances,circmstnces
citizen,citizn
citizens,citizns
citizenship,citiznship
civil,civl
civilization,civlization
civilizations,civlizations
claiming,claimng
classical,classicl
classifying,classifyng
classroom,clasroom
classrooms,clasrooms
cleaning,cleanng
click,clik
clicking,clikng
clicks,cliks
cliff,clif
cliffs,clifs
climate,climat
climates,climats
climbing,climbng
clinging,clingng
clinical,clinicl
clock,clok
clocking,clokng
clocks,cloks
clue,clu
clues,clus
cluster,clustr
clustering,clustrng
clusters,clustrs
coaching,coachng
coastal,coastl
coasting,coastng
coating,coatng
cocaine,cocain
coffee,cofee
coffees,cofees
cognitive,cognitiv
coining,coinng
collaboration,colabration
collapse,colaps
collapses,colapses
collar,colr
collars,colrs
colleague,coleag
colleagues,coleags
collect,colect
collecting,colectng
collection,colection
collections,colections
collective,colectiv
collectives,colectivs
collector,colectr
collectors,colectrs
collects,colects
college,colej
colleges,colejs
column,colum
columnist,columist
columnists,columists
columns,colums
combating,combatng
combination,combnation
combinations,combnations
comfort,comfrt
comfortable,comfrtbl
comforting,comfrtng
comforts,comfrts
coming,comng
comings,comngs
command,comand
commander,comandr
commanders,comandrs
commanding,comandng
commands,comands
comment,coment
commenting,comentng
comments,coments
commercial,comercial
commercials,comercials
commission,comission
commissioner,comissionr
commissioners,comissionrs
commissioning,comissionng
commissions,comissions
commit,comit
commitment,comitmnt
commitments,comitmnts
commits,comits
committee,comitee
committees,comitees
commodity,comodity
commonly,comnly
communicate,comunicate
communicates,comunicates
communication,comunication
communications,comunications
comparable,comprbl
comparison,comparisn
comparisons,comparisns
compelling,compelng
compensation,compnsation
compensations,compnsations
competitive,competitiv
competitor,competitr
competitors,competitrs
complaining,complainng
complying,complyng
compounding,compoundng
comprehensive,comprehensiv
comprehensives,comprehensivs
compromise,comprmise
compromises,comprmises
conceive,conceve
conceives,conceves
concerned,concernd
condemn,condem
condemning,condemng
condemns,condems
conducting,conductng
conference,confrnce
conferences,confrnces
confessing,confesng
confidence,confidnce
confidences,confidnces
confident,confidnt
confirming,confirmng
conflicting,conflictng
confronting,confrontng
congressional,congressionl
connect,conect
connecting,conectng
connection,conection
connections,conections
connects,conects
conscience,concience
consciences,conciences
conscious,concius
consciousness,conciusness
consecutive,consecutiv
consenting,consentng
conservation,consrvation
conservative,conservativ
conservatives,conservativs
considerable,considrbl
considerably,considrbly
consideration,considration
considerations,considrations
consistent,consistnt
consistently,consistntly
consisting,consistng
constant,constnt
constantly,constntly
constants,constnts
constitutional,constitutionl
constructing,constructng
consultant,consultnt
consultants,consultnts
consulting,consultng
consumption,consumtion
contacting,contactng
container,containr
containers,containrs
containing,containng
contemplate,contmplate
contemplates,contmplates
contemporary,contempry
contending,contendng
contesting,contestng
continent,contnnt
continents,contnnts
continued,continud
continuous,continuus
contracting,contractng
contractor,contractr
contractors,contractrs
contrasting,contrastng
controversy,controvrsy
conventional,conventionl
conversation,convrsation
conversations,convrsations
convert,convrt
converting,convertng
converts,convrts
conveying,conveyng
cookie,cooki
cookies,cookis
cooking,cookng
cooling,coolng
cooperate,cooprate
cooperation,coopration
cooperative,cooprativ
cooperatives,cooprativs
coordinate,coordnat
coordinate,coordnate
coordinates,coordnates
coordinates,coordnats
coordinator,coordnator
cording,cordng
core,cor
cores,cors
corner,cornr
cornering,cornrng
corners,cornrs
corporate,corprat
corporation,corpration
corporations,corprations
correct,corect
correcting,corectng
correctly,corectly
corrects,corects
correlation,corelation
correlations,corelations
correspondent,corespondnt
correspondents,corespondnts
corridor,coridr
corridors,coridrs
corruption,coruption
cottage,cotaj
cottages,cotajs
cotton,cotn
cottons,cotns
counsel,counsl
counseling,counslng
counselor,counslr
counselors,counslrs
counsels,counsls
counter,countr
countering,countrng
counterpart,countrpart
counterparts,countrparts
counters,countrs
counting,countng
coup,cu
coups,cus
courage,curaj
courtroom,cortroom
courtrooms,cortrooms
cousin,cusn
cousins,cusns
coverage,covraj
crack,crak
cracking,crakng
cracks,craks
crashing,crashng
crawling,crawlng
creaming,creamng
creative,creativ
creature,creatur
creatures,creaturs
credibility,credbility
criminal,crimnl
criminals,crimnls
critical,criticl
crossing,crosng
crowded,crowdd
crowding,crowdng
cruise,cruse
cruises,cruses
crushing,crushng
crying,cryng
crystal,crystl
crystals,crystls
cue,cu
cues,cus
cultural,cultrl
curious,curius
currency,curency
currently,curently
curriculum,curiculum
curtain,curtn
curtains,curtns
curve,curv
curves,curvs
custom,custm
customer,custmr
customers,custmrs
customs,custms
cycle,cycl
cycles,cycls
damage,damaj
damages,damajs
damn,dam
damning,damng
danger,danjer
dangerous,danjerus
dangers,danjers
darkness,darkns
dawning,dawnng
deadline,dedline
deadlines,dedliness
deadly,dedly
dealer,dealr
dealers,dealrs
debris,debri
debt,det
debts,dets
debut,debu
deck,dek
decks,deks
decorate,decrate
decrease,decrese
decreases,decreses
defeating,defeatng
defendant,defendnt
defendants,defendnts
defender,defendr
defenders,defendrs
defending,defendng
defensive,defensiv
definitely,defnitly
definition,defnition
definitions,defnitions
delaying,delayng
deliberately,delibratly
delicate,delicat
delight,delyt
delighting,delytng
delights,delyts
deliver,delivr
delivering,delivrng
delivers,delivrs
delivery,delivry
demanding,demandng
demographic,demografic
demonstrate,demnstrate
demonstrates,demnstrates
demonstration,demnstration
demonstrations,demnstrations
denying,denyng
departing,departng
department,departmnt
departments,departmnts
departure,departur
departures,departurs
dependent,dependnt
depending,dependng
depicting,depictng
deploying,deployng
depositing,depositng
depressed,depresd
descend,desend
descending,desendng
descends,desends
desert,desrt
deserting,desertng
deserts,desrts
deserve,deserv
deserves,deservs
design,desyn
designer,desynr
designers,desynrs
designing,desynng
designs,desyns
desperate,desprat
desperately,despratly
dessert,desert
desserts,deserts
destination,destnation
destinations,destnations
destroying,destroyng
detailed,detaild
detailing,detailng
detecting,detectng
detective,detectiv
detectives,detectivs
determination,determnation
developer,developr
developers,developrs
developmental,developmentl
devil,devl
devils,devls
dialogue,dialog
dialogues,dialogs
diamond,diamnd
diamonds,diamnds
dieting,dietng
differ,difr
differently,difrntly
differing,difrng
differs,difrs
difficulty,dificlty
digital,dijitl
dilemma,dilema
dilemmas,dilemas
diminishing,diminishng
dinner,dinr
dinners,dinrs
diplomat,diplmat
diplomatic,diplmatic
diplomats,diplmats
directing,directng
disappear,disapear
disappearing,disapearng
disappears,disapears
disappointed,disapointd
disappointment,disapointmnt
disappointments,disapointmnts
disaster,disastr
disasters,disastrs
discipline,disiplin
disciplines,disiplins
discounting,discountng
discourage,discuraj
discourages,discurajs
discourse,discorse
discourses,discorses
discover,discovr
discovering,discovrng
discovers,discovrs
discovery,discovry
discrimination,discrimnation
discs,disks
discussing,discusng
dishing,dishng
dismissing,dismisng
disorder,disordr
disorders,disordrs
displaying,displayng
dissolve,disolv
dissolves,disolvs
distance,distnce
distances,distnces
distant,distnt
distinctive,distinctiv
distinguishing,distinguishng
distracting,distractng
disturbing,disturbng
dock,dok
docks,doks
doctrine,doctrin
doctrines,doctrins
document,documnt
documentary,documentry
documenting,documntng
documents,documnts
doll,dol
dolls,dols
dominant,domnnt
dominate,domnate
dominates,domnates
doorway,dorway
doorways,dorways
double,dubl
doubles,dubls
doubt,dout
doubting,doutng
doubts,douts
dough,doh
dozen,dozn
dozens,dozns
drafting,draftng
draining,drainng
dramatically,dramaticly
drawer,drawr
drawers,drawrs
drawings,drawngs
dreaming,dreamng
dressing,dresng
dried,dryd
drifting,driftng
drill,dril
drilling,drilng
drills,drils
drinking,drinkng
drowning,drownng
drying,dryng
duck,duk
ducking,dukng
ducks,duks
due,du
dumb,dum
dumping,dumpng
dusting,dustng
dying,dyng
eager,eagr
earn,ern
earning,ernng
earnings,ernngs
earns,erns
earth,erth
earthquake,erthquake
earthquakes,erthquakes
earths,erths
ease,ese
eases,eses
easily,esily
eastern,eastrn
echo,eco
echoing,ecoing
ecological,eclojicl
economically,ecnomicly
economist,econmist
economists,econmists
ecosystem,ecosystm
ecosystems,ecosystms
edge,ej
edges,ejs
editing,editng
editor,editr
editors,editrs
educational,educationl
effective,efectiv
effectively,efectivly
effectiveness,efectivness
efficiency,eficiency
efficient,eficient
egg,eg
egging,egng
eggs,egs
eighth,eith
elaborate,elabrat
elaborate,elabrate
elbow,elbo
elbows,elbos
elder,eldr
elderly,eldrly
elders,eldrs
electing,electng
electrical,electricl
elegant,elegnt
element,elemnt
elementary,elementry
elements,elemnts
elephant,elefnt
elephants,elefnts
eleven,elevn
eligible,elijbl
eliminate,elimnate
eliminates,elimnates
elsewhere,elswher
embarrassed,embarasd
emerge,emerj
emergency,emerjncy
emerges,emerjs
emerging,emerjng
emotional,emotionl
emotionally,emotionly
emphasis,emfasis
emphasize,emfasize
emphasizes,emfasizes
employer,employr
employers,employrs
employing,employng
employment,employmnt
empty,emty
emptying,emtying
enacting,enactng
encounter,encountr
encountering,encountrng
encounters,encountrs
encourage,encuraj
encourages,encurajs
encouraging,encurajng
enemy,enmy
energy,enrjy
enforcement,enforcemnt
engage,engaje
engagement,engajemnt
engagements,engajemnts
engages,engajes
engine,enjn
engineer,enjneer
engineering,enjneerng
engineers,enjneers
engines,enjns
enjoying,enjoyng
enormous,enormus
enrolling,enrolng
enterprise,entrprise
enterprises,entrprises
entertainment,entrtainmnt
entertainments,entrtainmnts
entrance,entrnce
entrances,entrnces
entrepreneur,entreprener
entrepreneurs,entrepreners
envelope,envlope
envelopes,envlopes
environment,environmnt
environmental,environmentl
environments,environmnts
equally,equaly
equipment,equipmnt
equipments,equipmnts
equivalent,equivlnt
equivalents,equivlnts
error,err
errors,errs
essay,esay
essays,esays
essence,esnce
essences,esnces
essential,esential
essentially,esentialy
essentials,esentials
establishing,establishng
establishment,establishmnt
establishments,establishmnts
estimate,estmat
estimate,estmate
estimated,estmated
estimates,estmates
estimates,estmats
ethical,ethicl
evenings,evenngs
eventually,eventuly
everybody,evrybody
everyday,evryday
everywhere,evrywher
evident,evidnt
evolution,evlution
evolve,evolv
evolves,evolvs
exacting,exactng
examination,examnation
examinations,examnations
examine,examn
examines,examns
example,exampl
examples,exampls
exceed,exeed
exceeding,exeedng
exceeds,exeeds
excellent,exlnt
except,exept
excepting,exeptng
exception,exeption
exceptions,exeptions
excessive,exessiv
exchange,exchanje
exchanges,exchanjes
excited,exited
excitement,exitemnt
excitements,exitemnts
exciting,exiting
exclusive,exclusiv
exclusively,exclusivly
executive,executiv
executives,executivs
exercise,exrcise
exercises,exrcises
exhaust,exaust
exhausting,exaustng
exhausts,exausts
exhibit,exibit
exhibiting,exibitng
exhibition,exibition
exhibitions,exibitions
exhibits,exibits
existence,existnce
existing,existng
exiting,exitng
expanding,expandng
expected,expectd
expensive,expensiv
experiment,experimnt
experimental,experimentl
experimenting,experimntng
experiments,experimnts
explanation,explnation
explanations,explnations
exploiting,exploitng
exploration,explration
explorations,explrations
explore,explor
explores,explors
exporting,exportng
exposure,exposur
exposures,exposurs
expressing,expresng
extended,extendd
extending,extendng
extensive,extensiv
external,externl
externals,externls
extraordinary,extrordnry
eye,y
eyebrow,ybrow
eyebrows,ybrows
eyes,ys
factory,factry
faculty,faclty
failing,failng
failure,failur
failures,failurs
fainting,faintng
familiar,familir
familiars,familirs
famous,famus
farmer,farmr
farmers,farmrs
farming,farmng
fascinating,fasnating
fashion,fashn
fashions,fashns
faster,fastr
fasting,fastng
fatigue,fatige
fatigues,fatiges
fault,falt
faults,falts
favorable,favorabl
favoring,favorng
favorite,favorit
favorites,favorits
fearing,fearng
feather,fethr
feathers,fethrs
feature,featur
features,featurs
fee,fe
feedback,feedbak
feeding,feedng
feelings,feelngs
fees,fes
fellow,felo
fellows,felos
feminist,femnist
feminists,femnists
festival,festivl
festivals,festivls
fewer,fewr
fighter,fytr
fighters,fytrs
filter,filtr
filtering,filtrng
filters,filtrs
findings,findngs
finger,fingr
fingering,fingrng
fingers,fingrs
finishing,finishng
fiscal,fiscl
fisherman,fishrman
fishing,fishng
fixed,fixd
fixing,fixng
flashing,flashng
flavoring,flavorng
flee,fle
fleeing,fleing
flees,fles
fleeting,fleetng
flexibility,flexbility
flexible,flexbl
flight,flyt
flights,flyts
floating,floatng
flood,flod
flooding,flodng
floods,flods
flow,flo
flower,flowr
flowering,flowrng
flowers,flowrs
flowing,floing
flows,flos
flying,flyng
folding,foldng
fooling,foolng
football,footbal
footballs,footbals
forehead,forhed
foreheads,forheds
foreigner,forenr
foreigners,forenrs
forever,forevr
forgive,forgiv
forking,forkng
formal,forml
formerly,formrly
fortunately,fortunatly
forward,forwrd
forwarding,forwrdng
forwards,forwrds
foster,fostr
fostering,fostrng
fosters,fostrs
founder,foundr
foundering,foundrng
founders,foundrs
founding,foundng
fragile,frajl
fragment,fragmnt
fragments,fragmnts
freedom,fredm
freedoms,fredms
freely,frely
freeze,freze
freezes,frezes
friendly,frendly
friendship,frendship
friendships,frendships
frontier,frontir
frontiers,frontirs
fronting,frontng
frowning,frownng
fruiting,fruitng
fucking,fukng
fueling,fuelng
fully,fuly
functional,functionl
functioning,functionng
fundamental,fundmentl
fundamentals,fundmentls
furniture,furnitur
furthermore,furthrmor
gaining,gainng
gallery,galry
garage,garaj
garages,garajs
garbage,garbaj
garden,gardn
gardening,gardnng
gardens,gardns
gasoline,gasline
gather,gathr
gathering,gathrng
gatherings,gathrngs
gathers,gathrs
gearing,gearng
gender,jendr
gene,jene
general,jenrl
generally,jenrly
generals,jenrls
generate,jenrate
generates,jenrates
generation,jenration
generations,jenrations
generous,jenrus
genes,jenes
genetic,jenetic
genetics,jenetics
genius,jenius
genre,jenre
genres,jenres
gentle,jentl
gentleman,jentlman
gently,jently
genuine,jenuin
gesture,jestur
gestures,jesturs
ghost,gost
ghosts,gosts
giant,jiant
giants,jiants
gifted,giftd
girlfriend,girlfrend
girlfriends,girlfrends
given,givn
glimpse,glimps
glove,glov
gloves,glovs
golden,goldn
golfing,golfng
govern,govrn
governing,govrnng
governor,govrnr
governors,govrnrs
governs,govrns
gradually,graduly
graduate,graduat
graduates,graduats
grandchild,granchild
grandfather,granfathr
grandfathers,granfathrs
grandmother,granmothr
grandmothers,granmothrs
grandparent,granparent
grandparents,granparents
granting,grantng
grasping,graspng
graying,grayng
greatest,gretst
greatly,gretly
greening,greenng
greeting,greetng
guarantee,garantee
guaranteeing,garanteeing
guarantees,garantees
guard,gard
guarding,gardng
guards,gards
guess,gess
guessing,gesng
guest,gest
guests,gests
guidance,gidance
guide,gide
guidelines,gidelines
guides,gides
guilt,gilt
guilts,gilts
guilty,gilty
guitar,gitar
guitars,gitars
gym,jym
hall,hal
halls,hals
hallway,halway
hallways,halways
handle,handl
handles,handls
handsome,hansm
hanging,hangng
harassment,harasmnt
harming,harmng
harmony,harmny
harvesting,harvestng
hauling,haulng
hazard,hazrd
hazards,hazrds
headache,hedache
headaches,hedaches
headline,hedline
headlines,hedlines
headquarters,hedquartrs
healing,healng
healthy,helthy
hearings,hearngs
heating,heatng
heaven,hevn
heavens,hevns
heavily,hevily
heavy,hevy
heeling,heelng
height,hyt
heights,hyts
helicopter,helicoptr
helicopters,helicoptrs
hell,hel
hello,helo
hells,hels
heritage,heritaj
hidden,hidn
highlight,hylyt
highlighting,hylytng
highlights,hylyts
highly,hyly
highway,hyway
highways,hyways
hill,hil
hills,hils
hinting,hintng
historical,historicl
historically,historicly
hockey,hocky
holidaying,holidayng
honest,onest
honestly,onestly
honey,hony
honor,onr
honoring,onrng
honors,onrs
hooking,hookng
hopefully,hopefuly
horrible,horibl
horror,horr
horrors,horrs
hostage,hostaj
hostages,hostajs
hostile,hostl
household,houshold
households,housholds
housing,housng
huge,huje
humoring,humorng
hunger,hungr
hungers,hungrs
hunter,huntr
hunters,huntrs
hunting,huntng
hurricane,huricn
hurricanes,huricns
hurting,hurtng
identical,identicl
ideological,ideolojicl
ideology,ideolojy
ignore,ignor
ignores,ignors
ill,il
illegal,ilegal
illegals,ilegals
illness,ilness
ills,ils
illusion,ilusion
illusions,ilusions
illustrate,ilustrate
illustrates,ilustrates
image,imaj
images,imajs
imagination,imajnation
imaginations,imajnations
imagine,imajn
imagines,imajns
immediate,imediat
immediately,imediatly
immigrant,imigrnt
immigrants,imigrnts
immigration,imigration
immune,imune
implement,implmnt
implementation,implmntation
implementing,implmntng
implements,implmnts
implying,implyng
importance,importnce
importantly,importntly
importing,importng
impossible,imposbl
impressing,impresng
impressive,impressiv
improvement,improvemnt
improvements,improvemnts
incentive,incentiv
incentives,incentivs
incident,incidnt
incidents,incidnts
income,incm
incomes,incms
incorporate,incorprate
incorporates,incorprates
increased,incresed
increasing,incresing
increasingly,incresingly
incredible,incredbl
incredibly,incredbly
independence,independnce
independent,independnt
independents,independnts
indigenous,indijnus
inevitable,inevitbl
inevitably,inevitbly
infant,infnt
infants,infnts
informal,informl
informing,informng
infrastructure,infrastructur
initially,initialy
initiative,initiativ
initiatives,initiativs
injure,injr
injury,injry
inner,inr
innocent,inocent
innocents,inocents
innovation,inovation
innovations,inovations
innovative,inovativ
inserting,insertng
insight,insyt
insights,insyts
insisting,insistng
inspector,inspectr
inspectors,inspectrs
inspiration,inspration
install,instal
installation,instlation
installations,instlations
installing,instalng
instance,instnce
instances,instnces
instant,instnt
instantly,instntly
instead,insted
institutional,institutionl
instructing,instructng
instructional,instructionl
instructor,instructr
instructors,instructrs
instrument,instrumnt
instruments,instrumnts
intellectual,intlectul
intellectuals,intlectuls
intelligence,intelijnce
intelligences,intelijnces
intelligent,intelijnt
intending,intendng
interact,intract
interacting,intractng
interaction,intraction
interactions,intractions
interested,intrestd
interfere,intrfere
interferes,intrferes
interior,interir
interiors,interirs
internal,internl
interpreting,interpretng
interrupt,intrupt
interrupting,intruptng
interrupts,intrupts
interval,intrvl
intervals,intrvls
intervention,intrvention
interventions,intrventions
interview,intrvew
interviewing,intrvewng
interviews,intrvews
intimate,intmat
intimate,intmate
intimates,intmates
intimates,intmats
inventing,inventng
inventory,invntry
investing,investng
investment,investmnt
investments,investmnts
investor,investr
investors,investrs
invisible,invisbl
involved,involvd
involvement,involvmnt
involvements,involvmnts
ironically,ironicly
ironing,ironng
island,iland
islands,ilands
jacket,jaket
jackets,jakets
jailing,jailng
jazz,jaz
jewelry,jewlry
journal,jurnl
journalism,jurnlism
journalist,jurnlist
journalists,jurnlists
journals,jurnls
journey,jurny
journeying,jurnying
journeys,jurnis
judge,juj
judges,jujs
judgment,jujmnt
judgments,jujmnts
juice,juce
juices,juces
jumping,jumpng
jungle,jungl
jungles,jungls
junior,junir
juniors,junirs
justifying,justifyng
key,ke
keys,kes
kick,kik
kicking,kikng
kicks,kiks
killer,kilr
killers,kilrs
killings,kilngs
kingdom,kingdm
kingdoms,kingdms
kissing,kisng
kitchen,kichn
kitchens,kichns
knee,ne
kneel,neel
kneeling,neelng
kneels,neels
knees,nes
knife,nife
knock,nok
knocking,nokng
knocks,noks
knowledge,nolej
known,nown
labeling,labelng
laboratory,labratry
laboring,laborng
lack,lak
lacking,lakng
lacks,laks
ladder,ladr
ladders,ladrs
landings,landngs
language,languaj
languages,languajs
large,larj
largely,larjly
latin,latn
latins,latns
latter,latr
laugh,laf
laughing,lafng
laughs,lafs
laughter,laftr
launching,launchng
lawyer,lawyr
lawyers,lawyrs
layer,layr
layering,layrng
layers,layrs
laying,layng
leadership,leadrship
leaderships,leadrships
leafing,leafng
league,leag
leagues,leags
leaning,leanng
leaping,leapng
leather,lethr
lecture,lectur
lectures,lecturs
legally,legaly
legend,lejnd
legends,lejnds
legislation,lejislation
legislative,lejislativ
legislator,lejislator
legislators,lejislators
legislature,lejislatur
legislatures,lejislaturs
legitimate,lejitmat
legitimate,lejitmate
lemon,lemn
lemons,lemns
lending,lendng
lesson,lesn
lessons,lesns
liberal,librl
liberals,librls
liberty,librty
library,libry
lifestyle,lifestyl
lifestyles,lifestyls
lifting,liftng
lightly,lytly
lightning,lytnng
limb,lim
limbs,lims
limited,limitd
limiting,limitng
linking,linkng
listener,lisnr
listeners,lisnrs
literally,litrly
literary,litry
literature,litratur
liver,livr
livers,livrs
living,livng
loading,loadng
lock,lok
locking,lokng
locks,loks
logic,lojic
logical,lojicl
looping,loopng
lovely,lovly
lover,lovr
lovers,lovrs
lower,loer
lower,lowr
lowering,loerng
lowering,lowrng
lowers,loers
lowers,lowrs
loyal,loyl
loyalty,loylty
luck,luk
lunching,lunchng
lunging,lunjng
magic,majic
mailing,mailng
maintaining,maintainng
maintenance,maintnnce
mall,mal
manage,manaj
management,manajmnt
managements,manajmnts
manager,manajr
managers,manajrs
manages,manajs
managing,manajng
manner,manr
manners,manrs
manufacturer,manufacturr
manufacturers,manufacturrs
manufacturing,manufacturng
marble,marbl
marbles,marbls
marching,marchng
margin,marjn
margins,marjns
marker,markr
markers,markrs
marking,markng
marriage,marrij
marriages,marrijs
married,marrid
masking,maskng
massing,masng
massive,massiv
master,mastr
mastering,mastrng
masters,mastrs
match,mach
matching,machng
mathematics,mathmatics
maximum,maxmm
mayor,mayr
mayors,mayrs
meaningful,meanngful
meanings,meanngs
meanwhile,meanwile
measure,mesur
measurement,mesurmnt
measurements,mesurmnts
measures,mesurs
mechanic,mecanic
mechanical,mecanicl
mechanics,mecanics
mechanism,mecnism
mechanisms,mecnisms
medal,medl
medals,medls
medicine,medcin
medicines,medcins
melting,meltng
membership,membrship
memberships,membrships
memory,memry
mental,mentl
mentally,mently
mentioning,mentionng
mentor,mentr
mentors,mentrs
merchant,merchnt
merchants,merchnts
message,messaj
messages,messajs
messing,mesng
metal,metl
metals,metls
metaphor,metafr
metaphors,metafrs
metropolitan,metropolitn
middle,midl
middles,midls
midnight,midnyt
milking,milkng
mill,mil
milling,milng
mills,mils
mineral,minrl
minerals,minrls
minimal,minml
minimize,minmize
minimum,minmm
minister,ministr
ministering,ministrng
ministers,ministrs
miracle,miracl
miracles,miracls
mirror,mirr
mirrors,mirrs
missile,misl
missiles,misls
missing,misng
missionary,missionry
mixed,mixd
mixing,mixng
mixture,mixtur
mixtures,mixturs
mobile,mobil
mobiles,mobils
moderate,modrat
moderate,modrate
moderates,modrates
moderates,modrats
modern,modrn
moderns,modrns
modifying,modifyng
molecule,molecul
molecules,moleculs
momentum,momentm
monitor,monitr
monitoring,monitrng
monitors,monitrs
monkey,monky
monkeys,monkis
monster,monstr
monsters,monstrs
monument,monumnt
monuments,monumnts
mooning,moonng
moreover,morover
mortgage,morgaj
mortgages,morgajs
motioning,motionng
motive,motiv
motives,motivs
motoring,motorng
mountain,mountn
mountains,mountns
mounting,mountng
mouthing,mouthng
multiple,multipl
multiples,multipls
municipal,municipl
murder,murdr
murdering,murdrng
murders,murdrs
muscle, 
muscles,musls
mushrooming,mushroomng
musical,musicl
musicals,musicls
muslim,muslm
muslims,muslms
mutter,mutr
muttering,mutrng
mutters,mutrs
mutual,mutul
mysterious,mysterius
mystery,mystry
nailing,nailng
narrative,narativ
narratives,narativs
narrow,naro
narrowing,naroing
narrows,naros
native,nativ
natives,nativs
naturally,natrly
necessarily,necesrily
necessary,necesry
neck,nek
necking,nekng
necks,neks
needle,needl
needles,needls
negative,negativ
negatives,negativs
neighbor,neibr
neighborhood,neibrhood
neighborhoods,neibrhoods
neighboring,neibrng
neighbors,neibrs
neither,neithr
nerve,nerv
nerves,nervs
nervous,nervus
nesting,nestng
neutral,neutrl
neutrals,neutrls
nevertheless,nevrthless
nightmare,nytmare
nightmares,nytmares
nomination,nomnation
nominations,nomnations
nominee,nomnee
nominees,nomnees
none,non
nonetheless,nonthless
normal,norml
normally,normly
normals,normls
northern,northrn
novel,novl
novels,novls
nowhere,nowher
numerous,numerus
o'clock,oclok
objecting,objectng
objective,objectiv
objectives,objectivs
observation,obsrvation
observations,obsrvations
observe,observ
observer,observr
observers,observrs
observes,observs
obstacle,obstacl
obstacles,obstacls
obtaining,obtainng
obvious,obvius
obviously,obviusly
occasion,ocasion
occasional,ocasionl
occasionally,ocasionly
occasions,ocasions
occupation,ocupation
occupations,ocupations
occupy,ocupy
occupying,ocupyng
ocean,ocen
oceans,ocens
odd,od
odds,ods
offender,ofendr
offenders,ofendrs
offense,ofense
offenses,ofenses
offensive,ofensiv
offerings,ofrngs
officially,oficialy
oh,o
openings,openngs
opera,opra
operas,opras
operate,oprate
operates,oprates
operating,oprating
operation,opration
operations,oprations
operator,oprator
operators,oprators
opponent,oponent
opponents,oponents
oppose,opose
opposed,oposed
opposes,oposes
opposite,oposit
opposites,oposits
opposition,oposition
oppositions,opositions
optimistic,optmistic
opting,optng
orange,oranj
oranges,oranjs
orbiting,orbitng
ordinary,ordnry
organ,orgn
organism,orgnism
organisms,orgnisms
organizational,orgnizationl
organize,orgnize
organized,orgnized
organizes,orgnizes
organs,orgns
origin,orijn
original,orijnl
originally,orijnly
originals,orijnls
origins,orijns
otherwise,othrwise
ought,ot
ourselves,ourselvs
outcome,outcom
outcomes,outcoms
outdoor,outdor
outdoors,outdors
outer,outr
outstanding,outstandng
oven,ovn
ovens,ovns
overall,overal
overalls,overals
overcome,overcom
overcomes,overcoms
overlooking,overlookng
overnight,overnyt
oversee,overse
overseeing,overseing
overwhelm,overwelm
overwhelming,overwelmng
owe,o
owes,os
owner,ownr
owners,ownrs
ownership,ownrship
oxygen,oxyjn
pack,pak
package,pakaj
packages,pakajs
packing,pakng
packs,paks
page,paje
pages,pajes
painter,paintr
painters,paintrs
painting,paintng
paintings,paintngs
pairing,pairng
panel,panl
panels,panls
panting,pantng
parental,parentl
parking,parkng
partially,partialy
participant,participnt
participants,participnts
particle,particl
particles,particls
particular,particulr
particulars,particulrs
partner,partnr
partners,partnrs
partnership,partnrship
partnerships,partnrships
passage,passaj
passages,passajs
passenger,pasnjr
passengers,pasnjrs
pastor,pastr
patch,pach
patching,pachng
patent,patnt
patents,patnts
pattern,patrn
patterning,patrnng
patterns,patrns
payment,paymnt
payments,paymnts
peace,pece
peaceful,peceful
peanut,penut
peanuts,penuts
peasant,pesnt
peasants,pesnts
peeling,peelng
peering,peerng
penalty,penlty
pepper,pepr
peppers,peprs
perceive,perceve
perceived,perceved
perceives,perceves
percentage,percentaj
percentages,percentajs
perfecting,perfectng
performer,performr
performers,performrs
performing,performng
permanent,permnnt
persisting,persistng
personality,persnality
personally,persnly
personnel,persnel
perspective,perspectiv
perspectives,perspectivs
phase,fase
phases,fases
phenomenon,fenomnn
philosophical,filosoficl
philosophy,filosofy
photo,foto
photograph,fotograf
photographer,fotografr
photographers,fotografrs
photographing,fotografng
photographs,fotografs
photography,fotografy
photos,fotos
phrase,frase
phrases,frases
physical,fysicl
physically,fysicly
physician,fysician
physicians,fysicians
physics,fysics
pickup,pikup
pill,pil
pillow,pilo
pillows,pilos
pills,pils
piloting,pilotng
pioneering,pioneerng
pitch,pich
pitcher,pichr
pitchers,pichrs
pitching,pichng
pizza,piza
pizzas,pizas
placement,placemnt
placements,placemnts
plain,plan
plaining,plainng
planner,planr
planners,planrs
planning,planng
plea,ple
pleading,pleadng
pleas,ples
pleasant,plesnt
please,plese
pleased,plesed
pleases,pleses
pleasure,plesur
pleasures,plesurs
plunge,plunj
plunges,plunjs
pocket,poket
pocketing,poketng
pockets,pokets
politically,politicly
poll,pol
polling,poling
polls,pols
pollution,polution
pooling,poolng
popular,populr
portrait,portrit
portraits,portrits
portraying,portrayng
positive,positiv
possess,posess
possessing,posesng
possession,posession
possessions,posessions
possibility,posbility
possibly,posbly
poster,postr
posters,postrs
posting,postng
potentially,potentialy
pounding,poundng
pour,por
pouring,porng
pours,pors
poverty,povrty
powder,powdr
powdering,powdrng
powders,powdrs
powerful,powrful
practical,practicl
practically,practicly
practitioner,practitionr
practitioners,practitionrs
praise,prase
praises,prases
prayer,prayr
prayers,prayrs
praying,prayng
preaching,preachng
precious,precius
predator,predatr
predators,predatrs
predicting,predictng
preference,prefrnce
preferences,prefrnces
pregnancy,pregnncy
pregnant,pregnnt
preliminary,prelimnry
premise,premis
preparation,prepration
preparations,preprations
presence,presnce
presences,presnces
present,presnt
presentation,presntation
presentations,presntations
presenting,presentng
presents,presnts
preserve,preserv
preserves,preservs
presidency,presidncy
pressing,presng
presumably,presumebly
pretending,pretendng
prevailing,prevailng
preventing,preventng
previous,previus
previously,previusly
principal,principl
principals,principls
principle,principl
principles,principls
printing,printng
prison,prisn
prisoner,prisnr
prisoners,prisnrs
prisons,prisns
privately,privatly
privilege,privlej
privileges,privlejs
procedure,procedur
procedures,procedurs
proceeding,proceedng
processor,procesr
processors,procesrs
proclaiming,proclaimng
productive,productiv
professional,professionl
professionals,professionls
professor,profesr
professors,profesrs
profiting,profitng
programming,programng
progressing,progresng
progressive,progressiv
progressives,progressivs
prohibiting,prohibitng
prominent,promnnt
promise,promis
promising,promisng
prompt,promt
prompting,promtng
prompts,promts
proper,propr
properly,proprly
property,proprty
prospecting,prospectng
protective,protectiv
protesting,protestng
province,provnce
provinces,provnces
psychological,syclojicl
psychologist,sycolojist
psychologists,sycolojists
psychology,sycolojy
publisher,publishr
publishers,publishrs
publishing,publishng
pumping,pumpng
punching,punchng
punishing,punishng
punishment,punishmnt
punishments,punishmnts
purchase,purchas
purple,purpl
purples,purpls
purpose,purpos
pursue,pursu
pursues,pursus
puzzle,puzl
puzzles,puzls
qualifying,qualifyng
quarter,quartr
quarterback,quartrbak
quartering,quartrng
quarters,quartrs
questing,questng
questionnaire,questionair
questionnaires,questionairs
quick,quik
quieting,quietng
rabbit,rabit
rabbits,rabits
rack,rak
racking,rakng
racks,raks
radical,radicl
radicals,radicls
rage,raje
rages,rajes
railing,railng
raining,rainng
ranching,ranchng
random,randm
range,ranje
ranges,ranjes
ranking,rankng
rather,rathr
rational,rationl
reacting,reactng
reader,readr
readers,readrs
readily,redily
readings,readngs
realm,relm
realms,relms
rearing,rearng
reasonable,reasnbl
rebel,rebl
rebels,rebls
rebuild,rebild
rebuilding,rebildng
recall,recal
recalling,recalng
recalls,recals
receiver,recever
receivers,recevers
recommend,recmend
recommendation,recmndation
recommendations,recmndations
recommending,recmendng
recommends,recmends
recordings,recordngs
recover,recovr
recovering,recovrng
recovers,recovrs
recovery,recovry
recruiting,recruitng
reference,refrnce
references,refrnces
reflecting,reflectng
reforming,reformng
refrigerator,refrijrator
refrigerators,refrijrators
refuge,refuje
refugee,refujee
refugees,refujees
refuges,refujes
regaining,regainng
regarding,regardng
regime,rejime
regimes,rejimes
region,rejon
regional,rejonl
regions,rejons
register,rejistr
registering,rejistrng
registers,rejistrs
regular,regulr
regularly,regulrly
regulars,regulrs
regulatory,regulatry
rejecting,rejectng
relative,relativ
relatively,relativly
relatives,relativs
relaxing,relaxng
release,relese
releases,releses
relevant,relevnt
reliability,relyability
reliable,relyabl
relieve,releve
relieves,releves
religion,relijn
religions,relijns
religious,relijus
reluctant,reluctnt
relying,relyng
remarkable,remarkbl
remarking,remarkng
reminder,remindr
reminders,remindrs
reminding,remindng
render,rendr
rendering,rendrng
renders,rendrs
rental,rentl
rentals,rentls
renting,rentng
repairing,repairng
repeatedly,repeatdly
repeating,repeatng
replacement,replacemnt
replacements,replacemnts
replying,replyng
reportedly,reportdly
reporter,reportr
reporters,reportrs
representation,represntation
representations,represntations
representative,representativ
representatives,representativs
republican,republicn
republicans,republicns
requesting,requestng
requirement,requiremnt
requirements,requiremnts
rescue,rescu
rescues,rescus
researcher,reserchr
researchers,reserchrs
resemble,resembl
resembles,resembls
reservation,resrvation
reservations,resrvations
reserve,reserv
reserves,reservs
residence,residnce
residences,residnces
resident,residnt
residents,residnts
resign,resyn
resigning,resynng
resigns,resyns
resistance,resistnce
resistances,resistnces
resisting,resistng
resolution,reslution
resolutions,reslutions
resolve,resolv
resolves,resolvs
resorting,resortng
respecting,respectng
respectively,respectivly
respondent,respondnt
respondents,respondnts
responding,respondng
responsibility,responsbility
responsible,responsbl
restaurant,restran
restaurants,restrans
restore,restor
restores,restors
restricting,restrictng
retailer,retailr
retailers,retailrs
retailing,retailng
retaining,retainng
retirement,retiremnt
retreating,retreatng
revealing,revealng
revelation,revlation
revelations,revlations
revenue,revnu
revenues,revnus
review,revew
reviewing,revewng
reviews,revews
revolution,revlution
revolutionary,revlutionry
revolutions,revlutions
rewarding,rewardng
rhetoric,retric
rhythm,rythm
rhythms,rythms
ribbon,ribn
ribbons,ribns
ridge,rij
ridges,rijs
ridiculous,ridiculus
ringing,ringng
rioting,riotng
ritual,ritul
rituals,rituls
river,rivr
rivers,rivrs
rock,rok
rocket,roket
rocketing,roketng
rockets,rokets
rocking,rokng
rocks,roks
roll,rol
rolling,rolng
rolls,rols
roofing,roofng
rooting,rootng
rough,ruf
roughly,rufly
rounding,roundng
route,rute
routes,rutes
routine,rutine
routinely,rutinely
routines,rutines
row,ro 
rowing,roing
rowing,rowng
rows,ros
royal,royl
royals,royls
rubber,rubr
rubbers,rubrs
ruining,ruinng
runner,runr
runners,runrs
running,runng
rushing,rushng
sack,sak
sacking,sakng
sacks,saks
sailing,sailng
salary,salry
salmon,samn
salting,saltng
sample,sampl
samples,sampls
sandwich,sanwich
satellite,satlite
satellites,satlites
satisfying,satisfyng
scandal,scandl
scandals,scandls
scatter,scatr
scattering,scatrng
scenario,senario
scenarios,senarios
scent,sent
scents,sents
schedule,scedul
schedules,sceduls
scheme,sceme
schemes,scemes
scholar,scolr
scholars,scolrs
scholarship,scolrship
scholarships,scolrships
science,sience
sciences,siences
scientific,sientific
scientist,sientist
scientists,sientists
score,scor
scores,scors
scramble,scrambl
scrambles,scrambls
scratch,scrach
scratching,scrachng
screaming,screamng
screening,screenng
screwing,screwng
sculpture,sculptur
sculptures,sculpturs
sea,se
sealing,sealng
search,serch
searching,serchng
seas,ses
seating,seatng
secondary,secndry
secretary,secretry
sector,sectr
sectors,sectrs
secular,seculr
seeding,seedng
seemingly,seemngly
segment,segmnt
segments,segmnts
seize,seze
seizes,sezes
seldom,seldm
selected,selectd
selecting,selectng
seller,selr
sellers,selrs
seminar,semnar
seminars,semnars
senate,senat
senator,senatr
senators,senatrs
senior,senir
seniors,senirs
sensitive,sensitiv
sentence,sentnce
sentences,sentnces
sentiment,sentmnt
sentiments,sentmnts
separate,seprat
separate,seprate
separates,seprates
separates,seprats
separation,sepration
separations,seprations
seriously,seriusly
servant,servnt
servants,servnts
serving,servng
servings,servngs
setting,setng
settings,setngs
settle,setl
settlement,setlmnt
settlements,setlmnts
settles,setls
seventh,sevnth
sexual,sexul
sexually,sexuly
sexuals,sexuls
shadow,shado
shadowing,shadoing
shadows,shados
shall,shal
shallow,shalo
shallows,shalos
shareholder,shareholdr
shareholders,shareholdrs
sheeting,sheetng
shell,shel
shelling,shelng
shells,shels
shelter,sheltr
sheltering,sheltrng
shelters,sheltrs
shifting,shiftng
shock,shok
shocking,shokng
shocks,shoks
shootings,shootngs
shopping,shopng
shore,shor
shores,shors
shortage,shortaj
shortages,shortajs
shoulder,sholdr
shouldering,sholdrng
shoulders,sholdrs
shouting,shoutng
shove,shov
shoves,shovs
shower,showr
showering,showrng
showers,showrs
shrimping,shrimpng
shrinking,shrinkng
shuttle,shutl
shuttles,shutls
sibling,siblng
siblings,siblngs
sick,sik
sigh,sy
sighing,syng
sighs,sys
sight,syt
sighting,sytng
sights,syts
signal,signl
signaling,signlng
signals,signls
signature,signatur
signatures,signaturs
significance,significnce
significantly,synificntly
silver,silvr
similarity,simlarity
similarly,simlrly
simultaneously,simltaneusly
singer,singr
singers,singrs
singing,singng
sinking,sinkng
sister,sistr
sisters,sistrs
skill,skil
skilled,skild
skills,skils
skirting,skirtng
skull,skul
skulls,skuls
sleeping,sleepng
sleeve,sleve
sleeves,sleves
slight,slyt
slightly,slytly
slights,slyts
slow,slo
slowing,sloing
slowly,sloly
slows,slos
smarting,smartng
smell,smel
smelling,smelng
smells,smels
smoothing,smoothng
sneaking,sneakng
snow,sno
snowing,snoing
snows,snos
soaking,soakng
soar,sor
soaring,sorng
soars,sors
soccer,socr
socially,socialy
sock,sok
socks,soks
soften,sofn
softening,sofnng
softens,sofns
soiling,soilng
soldier,soldir
soldiers,soldirs
solve,solv
solves,solvs
somebody,sombody
someday,somday
somehow,somhow
sometime,somtime
somewhat,somwat
somewhere,somwher
sophisticated,sofisticated
sorting,sortng
soul,sol
souls,sols
sovereignty,sovrenty
sparking,sparkng
speaker,speakr
speakers,speakrs
specifically,specificly
specifying,specifyng
spectacular,spectaculr
spectrum,spectrm
speeding,speedng
spell,spel
spelling,spelng
spells,spels
sphere,sfere
spheres,sferes
spill,spil
spilling,spilng
spills,spils
spiritual,spiritul
sponsor,sponsr
sponsoring,sponsrng
sponsors,sponsrs
spooning,spoonng
spraying,sprayng
spread,spred
spreading,spredng
spreads,spreds
springing,springng
sprinkle,sprinkl
spying,spyng
squeeze,squeze
squeezes,squezes
stack,stak
stacking,stakng
stacks,staks
stage,staje
stages,stajes
standard,standrd
standards,standrds
standings,standngs
starter,startr
starters,startrs
statement,statemnt
statements,statemnts
stationing,stationng
statistical,statisticl
statue,statu
statues,status
steadily,stedily
steady,stedy
steadying,stedying
steak,stek
steaks,steks
stealing,stealng
steaming,steamng
steering,steerng
stick,stik
sticking,stikng
sticks,stiks
stiff,stif
stomach,stomac
stomachs,stomacs
storage,storaj
storming,stormng
straight,strait
straighten,straitn
straightening,straitnng
straightens,straitns
straights,straits
straining,strainng
strange,stranje
stranger,stranjer
strangers,stranjers
strategic,stratejic
strategy,stratejy
streaking,streakng
streaming,streamng
strengthen,strengthn
strengthening,strengthnng
strengthens,strengthns
stressing,stresng
stretch,strech
stretching,strechng
stringing,stringng
structural,structrl
structure,structur
structures,structurs
struggle,strugl
struggles,strugls
stuff,stuf
stuffing,stufng
stuffs,stufs
stumble,stumbl
stumbles,stumbls
style,styl
styles,styls
substance,substnce
substances,substnces
substantially,substantialy
subtle,sutl
suburban,suburbn
succeeding,succeedng
successful,succesful
successfully,succesfuly
suck,suk
sucking,sukng
sucks,suks
sudden,sudn
suddenly,sudnly
sue,su
suffer,sufr
suffering,sufrng
sufferings,sufrngs
suffers,sufrs
sufficient,suficient
sugar,sugr
sugars,sugrs
suggest,sujest
suggesting,sujestng
suggestion,sujestion
suggestions,sujestions
suggests,sujests
suitable,suitbl
suiting,suitng
summary,sumry
summit,sumit
summits,sumits
sunlight,sunlyt
superior,superir
superiors,superirs
supplier,suplyr
suppliers,suplyrs
supply,suply
supplying,suplyng
supporter,suportr
supporters,suportrs
supportive,suportiv
suppose,supose
supposed,suposed
supposedly,suposedly
supposes,suposes
surgeon,surjn
surgeons,surjns
surgery,surjry
surround,suround
surrounding,suroundng
surroundings,suroundngs
surrounds,surounds
surveillance,surveilance
surveying,surveyng
suspecting,suspectng
suspending,suspendng
suspicious,suspicius
sustainable,sustainbl
sustaining,sustainng
swallow,swalo
swallowing,swaloing
swallows,swalos
swear,swer
swearing,swerng
swears,swers
sweat,swet
sweater,swetr
sweaters,swetrs
sweating,swetng
sweats,swets
sweeping,sweepng
swell,swel
swelling,swelng
swells,swels
swimming,swimng
swinging,swingng
switch,swich
switching,swichng
sword,sord
swords,sords
symbol,symbl
symbols,symbls
symptom,symtm
symptoms,symtms
tackle,takl
tackles,takls
tailing,tailng
talented,talentd
tall,tal
targeting,targetng
taxpayer,taxpayr
taxpayers,taxpayrs
tea,te
teachings,teachngs
teammates,teamates
tear,ter
tearing,terng
tears,ters
teas,tes
teaspoon,tespoon
teaspoons,tespoons
technical,tecnicl
technician,tecnician
technicians,tecnicians
technique,tecniqe
techniques,tecniqes
technological,tecnlojicl
technology,tecnolojy
teenage,teenaje
teenager,teenajer
teenagers,teenajers
telephone,telefone
telephones,telefones
temperature,tempratur
temperatures,tempraturs
temple,templ
temples,templs
temporary,tempry
tendency,tendncy
tender,tendr
tenders,tendrs
tending,tendng
tennis,tenis
terrain,terain
terrible,teribl
terribly,teribly
terrific,terific
territory,teritry
terror,terr
terrorism,terrism
terrorist,terrist
terrorists,terrists
terrors,terrs
testifying,testifyng
testimony,testmny
texture,textur
textures,texturs
thanksgiving,thanksgivng
theater,theatr
theaters,theatrs
theological,theolojicl
theology,theolojy
theoretical,theoreticl
thereby,therby
therefore,therfor
thick,thik
thigh,thy
thighs,thys
thoroughly,thoroly
thread,thred
threading,thredng
threads,threds
threat,thret
threaten,thretn
threatening,thretnng
threatens,thretns
threats,threts
throughout,thruout
thumb,thum
thumbing,thumng
thumbs,thums
ticket,tiket
tickets,tikets
tight,tyt
tighten,tytn
tightening,tytnng
tightens,tytns
tightly,tytly
tights,tyts
till,til
tilling,tilng
timber,timbr
timbers,timbrs
tissue,tissu
tissues,tissus
tobacco,tobaco
tolerance,tolrnce
tolerances,tolrnces
tolerate,tolrate
tolerates,tolrates
toll,tol
tolling,tolng
tolls,tols
tomorrow,tomoro
tomorrows,tomoros
tongue,tong
tongues,tongs
tonight,tonyt
tooling,toolng
tossing,tosng
totally,totaly
touch,tuch
touching,tuchng
tough,tuf
touring,tourng
tournament,tournmnt
tournaments,tournmnts
towel,towl
towels,towls
tower,towr
towering,towrng
towers,towrs
toying,toyng
track,trak
tracking,trakng
tracks,traks
traditional,traditionl
traditionally,traditionly
traffic,trafic
tragedy,trajedy
tragic,trajic
trailer,trailr
trailers,trailrs
trailing,trailng
trainer,trainr
trainers,trainrs
transfer,transfr
transfers,transfrs
transformation,transfrmation
transformations,transfrmations
transforming,transformng
transportation,transprtation
transporting,transportng
travel,travl
traveler,travlr
travelers,travlrs
traveling,travlng
travels,travls
treasure,tresur
treasures,tresurs
treating,treatng
tremendous,tremendus
trick,trik
tricks,triks
trigger,trigr
triggering,trigrng
triggers,trigrs
triumph,triumf
triumphs,triumfs
trooping,troopng
tropical,tropicl
trouble,trubl
troubled,trubld
troubles,trubls
truck,truk
trucking,trukng
trucks,truks
trusting,trustng
tuck,tuk
tucking,tukng
tucks,tuks
tunnel,tunl
tunnels,tunls
turkey,turky
turkeys,turkis
twelve,twelv
twisting,twistng
typical,typicl
typically,typicly
ultimate,ultmat
ultimately,ultmatly
uncertain,uncertn
uncertainty,uncertnty
uncle,uncl
uncles,uncls
uncomfortable,uncomfrtbl
uncover,uncovr
uncovering,uncovrng
undergo,undrgo
undergoing,undrgoing
undergraduate,undrgraduat
undergraduates,undrgraduats
underlying,undrlyng
undermine,undrmine
undermines,undrmines
understandings,undrstandngs
undertake,undrtake
undertakes,undrtakes
unemployment,unemploymnt
unexpected,unexpectd
unfolding,unfoldng
unfortunately,unfortunatly
unique,uniqe
universal,universl
universals,universls
unknown,unown
unknowns,unowns
unprecedented,unprecedentd
unusual,unusul
upper,upr
urban,urbn
urge,urj
urges,urjs
usual,usul
vacationing,vacationng
vaccine,vaccin
vaccines,vaccins
valley,vally
valleys,vallis
valuable,valubl
valuables,valubls
vanishing,vanishng
variable,varibl
variables,varibls
various,varius
vegetable,vejtbl
vegetables,vejtbls
vehicle,vehicl
vehicles,vehicls
vendor,vendr
vendors,vendrs
venture,ventur
ventures,venturs
verbal,verbl
vertical,verticl
vessel,vesl
vessels,vesls
veteran,vetran
veterans,vetrans
victim,victm
victims,victms
victory,victry
viewer,vewr
viewers,vewrs
village,vilaj
villages,vilajs
virtual,virtul
virtually,virtuly
virtue,virtu
virtues,virtus
visible,visbl
visiting,visitng
visitor,visitr
visitors,visitrs
visual,visul
vitamin,vitmn
vitamins,vitmns
voluntary,voluntry
volunteering,volunteerng
vulnerable,vulnrbl
wage,waje
wages,wajes
wagon,wagn
wagons,wagns
wander,wandr
wandering,wandrng
wanders,wandrs
warming,warmng
warning,warnng
warnings,warnngs
warrior,warir
warriors,warirs
washing,washng
weaken,weakn
weakening,weaknng
weakens,weakns
wealth,welth
wealthy,welthy
weapon,wepn
weapons,wepns
weather,wethr
weathering,wethrng
weathers,wethrs
weave,weve
weaves,weves
wedding,wedng
weddings,wedngs
weeding,weedng
weigh,wei
weighing,weiing
weighs,weis
weight,weit
weighting,weitng
weights,weits
welcome,welcm
welcomes,welcms
western,westrn
westerns,westrns
whale,wale
whales,wales
wheat,weat
wheats,weats
wheel,weel
wheelchair,weelchair
wheeling,weelng
wheels,weels
whenever,wenevr
whereas,wheras
wherever,wherevr
whip,wip
whips,wips
whisper,wispr
whispering,wisprng
whispers,wisprs
whoever,hoevr
whom,hom
widespread,widespred
widow,wido
widows,widos
wilderness,wildrness
willingness,wilngness
winding,windng
winging,wingng
winner,winr
winners,winrs
winter,wintr
wintering,wintrng
winters,wintrs
wisdom,wisdm
wishing,wishng
withdrawal,withdrawl
withdrawals,withdrawls
withdrawing,withdrawng
witnessing,witnesng
wonderful,wondrful
wooden,woodn
workings,workngs
worried,worrid
worthing,worthng
wounding,woundng
wrap,rap
wraps,raps
wrist,rist
wrists,rists
writer,riter
writers,riters
writing,riting
writings,ritings
written,ritn
yell,yel
yelling,yelng
yellow,yelo
yellowing,yeloing
yellows,yelos
yells,yels
yesterday,yestrday
yesterdays,yestrdays
yielding,yieldng
youngster,yungstr
youngsters,yungstrs
yourself,yrself
youth,yuth
youths,yuths
aren't,arnt
could've,cud'v
could've,cud'v
couldn't,cudnt
daren't,darent
didn't,didnt
doesn't,dosnt
don'ts,donts
hadn't,hadnt
hasn't,hasnt
haven't,havnt
he'll,he'l
i'll,i'l
i've,i'v
it'll,it'l
mightn't,mytnt
must've,must'v
mustn't,musnt
needn't,neednt
o'clock,oclok
oughtn't,otnt
shan't,shant
she'll,she'l
should've,shud'v
shouldn't,shudnt
something's,somthing's
that'll,that'l
there'd,ther'd
there'll,ther'l
there're,ther'r
there's,ther's
there've,ther'v
they'll,they'l
they're,they'r
they've,they'v
this'll,this'l
three's,thre's
we'll,we'l
we're,we'r
we've,we'v
weren't,wernt
what'd,wat'd
what'll,wat'l
what're,wat'r
what's,wat's
what's,wat's
what've,wat'v
whatever's,watevr's
when's,wen's
where'd,wher'd
where's,wher's
who'd,ho'd
who'll,ho'l
who's,ho's
won't,wont
would've,wud'v
wouldn't,wudnt
you'd,u'd
you'll,u'l
you're,u'r
you've,u'v
reminded,remindd
reminder,remindr
reminding,remindng
process,proces
processes,proceses
computer,computr
computing,computng